feature_0,target
1.764052345967664,2.240893199201458
0.4001572083672233,0.8675378665644738
0.9787379841057392,1.4896548021454706
2.2408931992014574,2.868219755408903
1.8675378665644738,2.240893199201458